Latitude,Longitude,Sample Date,Total Alkalinity,Electrical Conductance,Dissolved Reactive Phosphorus,Location_ID
-28.760833,17.730278,2011-01-02,128.912,555.0,10.0,71
-27.356667,27.286389,2011-01-03,56.1,145.1,151.0,102
-27.398611,26.614722,2011-01-04,86.8,226.3,114.0,99
-30.160091,27.40124,2011-01-06,57.916,167.1,13.0,47
-27.356667,27.286389,2011-01-10,64.1,164.0,151.0,102
-27.398611,26.614722,2011-01-11,71.6,190.6,127.0,99
-34.250556,20.9925,2011-01-11,26.8,304.5,12.0,2
-29.658056,25.973333,2011-01-14,86.742,107.0,85.0,54
-28.760833,17.730278,2011-01-16,95.398,297.2,64.0,71
-27.398611,26.614722,2011-01-18,133.319,323.7,139.0,99
-24.39619444,27.08983333,2011-01-19,120.0,508.0,142.0,146
-33.13083,18.86278,2011-01-19,19.323,117.3,35.0,21
-24.925278,29.324444,2011-01-21,85.636,381.0,59.0,141
-27.356667,27.286389,2011-01-24,87.25,208.7,123.0,102
-27.398611,26.614722,2011-01-25,60.7,162.1,138.0,99
-28.760833,17.730278,2011-01-30,84.627,230.7,33.0,71
-27.356667,27.286389,2011-02-07,93.012,203.7,100.0,102
-27.398611,26.614722,2011-02-08,92.527,237.8,53.0,99
-29.658056,25.973333,2011-02-11,101.804,213.9,147.0,54
-28.760833,17.730278,2011-02-13,77.58,217.0,35.0,71
-27.398611,26.614722,2011-02-15,110.057,283.9,63.0,99
-24.39619444,27.08983333,2011-02-16,233.162,535.0,145.0,146
-33.13083,18.86278,2011-02-16,11.685,106.8,42.0,21
-24.925278,29.324444,2011-02-17,122.0,109.1,37.0,141
-27.398611,26.614722,2011-02-22,77.1,392.0,31.0,99
-27.398611,26.614722,2011-02-23,69.128,174.2,86.0,99
-27.356667,27.286389,2011-02-23,110.394,213.3,59.0,102
-30.160091,27.40124,2011-02-24,68.364,148.7,10.0,47
-28.760833,17.730278,2011-02-27,82.688,225.3,31.0,71
-27.398611,26.614722,2011-03-01,84.527,214.3,125.0,99
-27.398611,26.614722,2011-03-08,116.258,279.3,155.0,99
-29.658056,25.973333,2011-03-11,63.467,139.0,36.0,54
-28.760833,17.730278,2011-03-13,90.716,246.3,41.0,71
-27.398611,26.614722,2011-03-15,89.836,251.7,155.0,99
-24.282222,28.090278,2011-03-16,32.313,90.9,10.0,147
-24.925278,29.324444,2011-03-18,180.214,1014.0,10.0,141
-27.398611,26.614722,2011-03-22,157.836,427.0,93.0,99
-33.13083,18.86278,2011-03-23,12.105,102.2,24.0,21
-30.160091,27.40124,2011-03-25,79.127,155.0,16.0,47
-28.760833,17.730278,2011-03-27,100.145,293.6,34.0,71
-27.398611,26.614722,2011-03-29,115.996,371.0,93.0,99
-26.905,32.324722,2011-03-30,120.945,393.0,10.0,112
-27.398611,26.614722,2011-03-30,133.094,304.6,93.0,99
-27.398611,26.614722,2011-04-05,120.52,409.0,93.0,99
-28.760833,17.730278,2011-04-10,75.716,197.6,33.0,71
-27.356667,27.286389,2011-04-11,82.396,259.0,138.0,102
-27.398611,26.614722,2011-04-12,105.583,272.8,80.0,99
-24.925278,29.324444,2011-04-14,177.584,899.0,10.0,141
-30.160091,27.40124,2011-04-14,86.935,187.7,10.0,47
-27.902778,24.615556,2011-04-15,209.236,643.0,50.0,90
-27.356667,27.286389,2011-04-19,49.442,189.6,118.0,102
-27.398611,26.614722,2011-04-20,92.15,269.4,54.0,99
-27.902778,24.615556,2011-04-21,216.546,635.0,10.0,90
-28.760833,17.730278,2011-04-25,80.192,234.2,35.0,71
-27.398611,26.614722,2011-04-26,82.85,224.2,105.0,99
-27.902778,24.615556,2011-05-03,217.678,1165.0,10.0,90
-27.356667,27.286389,2011-05-04,51.404,189.4,93.0,102
-27.398611,26.614722,2011-05-05,88.084,279.3,80.0,99
-28.760833,17.730278,2011-05-08,102.913,258.1,10.0,71
-27.398611,26.614722,2011-05-10,107.711,323.4,10.0,99
-30.13573889,30.67422222,2011-05-12,30.539,93.4,10.0,48
-24.925278,29.324444,2011-05-13,109.401,471.0,23.0,141
-29.658056,25.973333,2011-05-13,124.156,291.4,10.0,54
-27.398611,26.614722,2011-05-17,159.287,437.0,164.0,99
-24.768889,31.39,2011-05-18,45.049,146.7,15.0,142
-27.902778,24.615556,2011-05-20,224.191,1076.0,19.0,90
-28.760833,17.730278,2011-05-22,84.256,290.0,39.0,71
-27.356667,27.286389,2011-05-23,77.289,236.1,109.0,102
-27.398611,26.614722,2011-05-24,167.989,472.0,177.0,99
-27.398611,26.614722,2011-05-25,170.813,510.0,10.0,99
-34.250556,20.9925,2011-05-25,30.998,464.0,10.0,2
-27.356667,27.286389,2011-05-26,70.386,223.6,99.0,102
-27.902778,24.615556,2011-05-27,233.805,1095.0,12.0,90
-27.398611,26.614722,2011-05-31,174.69,515.0,10.0,99
-28.760833,17.730278,2011-06-05,87.498,192.8,38.0,71
-27.398611,26.614722,2011-06-07,196.203,548.0,86.0,99
-24.925278,29.324444,2011-06-09,180.621,1279.0,10.0,141
-27.902778,24.615556,2011-06-10,220.199,800.0,10.0,90
-27.356667,27.286389,2011-06-13,54.757,227.6,84.0,102
-27.398611,26.614722,2011-06-14,139.318,441.0,65.0,99
-28.760833,17.730278,2011-06-19,122.622,328.3,23.0,71
-27.356667,27.286389,2011-06-21,59.1035,244.7,84.0,102
-27.398611,26.614722,2011-06-22,198.3503333,570.6666667,65.0,99
-27.902778,24.615556,2011-06-24,231.859,1054.0,12.0,90
-24.670833,28.560833,2011-06-28,15.183,52.9,10.0,145
-24.282222,28.090278,2011-06-29,31.673,80.6,10.0,147
-27.398611,26.614722,2011-06-30,202.5,566.0,65.0,99
-27.356667,27.286389,2011-06-30,63.121,246.1,45.0,102
-28.760833,17.730278,2011-07-03,95.395,267.6,29.0,71
-27.398611,26.614722,2011-07-06,210.924,624.0,65.0,99
-27.902778,24.615556,2011-07-08,221.841,1139.5,90.0,90
-30.160091,27.40124,2011-07-12,101.428,209.5,10.0,47
-30.160091,27.40124,2011-07-14,98.893,216.2,10.0,47
-34.250556,20.9925,2011-07-14,31.186,810.0,10.0,2
-29.658056,25.973333,2011-07-15,303.173,658.0,10.0,54
-28.760833,17.730278,2011-07-17,137.878,370.0,27.0,71
-33.13083,18.86278,2011-07-20,20.368,316.2,10.0,21
-27.935,26.126667,2011-07-27,58.077,168.2,124.0,89
-24.925278,29.324444,2011-07-28,198.777,1146.0,18.0,141
-26.905,32.324722,2011-07-28,121.697,410.0,10.0,112
-27.398611,26.614722,2011-07-28,223.5795,680.0,120.0,99
-28.760833,17.730278,2011-07-31,153.397,452.0,10.0,71
-30.160091,27.40124,2011-08-02,98.48,228.7,10.0,47
-27.398611,26.614722,2011-08-03,234.034,715.0,120.0,99
-30.160091,27.40124,2011-08-11,95.897,226.4,10.0,47
-34.250556,20.9925,2011-08-11,58.35,1236.0,47.0,2
-29.658056,25.973333,2011-08-12,289.946,683.0,10.0,54
-28.760833,17.730278,2011-08-14,130.117,550.0,26.0,71
-27.902778,24.615556,2011-08-18,223.347,1002.0,40.0,90
-29.658056,25.973333,2011-08-18,311.909,679.0,10.0,54
-24.282222,28.090278,2011-08-22,27.003,79.6,10.0,147
-27.398611,26.614722,2011-08-24,226.776,765.0,146.0,99
-24.925278,29.324444,2011-08-25,193.038,382.0,10.0,141
-28.760833,17.730278,2011-08-28,137.187,504.0,10.0,71
-27.902778,24.615556,2011-09-02,224.946,1201.0,10.0,90
-27.398611,26.614722,2011-09-06,263.675,823.0,146.0,99
-30.160091,27.40124,2011-09-07,111.999,236.4,10.0,47
-29.658056,25.973333,2011-09-09,332.927,766.0,14.0,54
-28.760833,17.730278,2011-09-10,146.975,554.0,10.0,71
-24.925278,29.324444,2011-09-13,236.583,1466.0,10.0,141
-30.160091,27.40124,2011-09-14,113.765,242.1,10.0,47
-34.250556,20.9925,2011-09-14,43.533,1090.0,10.0,2
-27.902778,24.615556,2011-09-16,216.315,1151.0,10.0,90
-27.398611,26.614722,2011-09-22,306.3915,883.0,10.0,99
-28.760833,17.730278,2011-09-24,158.858,553.0,10.0,71
-24.282222,28.090278,2011-09-27,11.362,99.9,10.0,147
-24.768889,31.39,2011-09-28,64.305,193.0,11.0,142
-27.398611,26.614722,2011-09-28,260.049,771.0,10.0,99
-30.13573889,30.67422222,2011-09-29,53.561,154.3,10.0,48
-27.902778,24.615556,2011-09-30,189.839,966.0,10.0,90
-27.398611,26.614722,2011-10-04,309.086,903.0,10.0,99
-30.160091,27.40124,2011-10-04,109.014,234.4,12.0,47
-30.160091,27.40124,2011-10-06,117.527,239.9,10.0,47
-28.760833,17.730278,2011-10-08,186.095,611.0,13.0,71
-30.160091,27.40124,2011-10-11,134.023,263.4,10.0,47
-26.905,32.324722,2011-10-12,123.733,461.0,12.0,112
-34.250556,20.9925,2011-10-13,35.281,744.0,10.0,2
-28.760833,17.730278,2011-10-22,179.96,657.0,10.0,71
-30.13573889,30.67422222,2011-10-27,43.888,149.2,10.0,48
-27.398611,26.614722,2011-10-28,313.853,948.5,10.0,99
-27.902778,24.615556,2011-10-28,194.421,927.0,10.0,90
-30.160091,27.40124,2011-11-03,127.886,267.2,10.0,47
-28.760833,17.730278,2011-11-05,187.821,631.0,18.0,71
-29.658056,25.973333,2011-11-05,343.996,829.0,125.0,54
-27.398611,26.614722,2011-11-08,314.173,962.0,72.0,99
-33.13083,18.86278,2011-11-10,27.194,214.8,49.0,21
-24.670833,28.560833,2011-11-14,10.168,66.6,10.0,145
-24.925278,29.324444,2011-11-14,223.759,1431.0,10.0,141
-24.282222,28.090278,2011-11-15,46.949,116.5,10.0,147
-30.160091,27.40124,2011-11-16,129.712,282.4,12.0,47
-27.398611,26.614722,2011-11-17,310.656,994.0,72.0,99
-27.902778,24.615556,2011-11-18,181.778,880.0,10.0,90
-28.760833,17.730278,2011-11-19,178.749,591.0,10.0,71
-30.13573889,30.67422222,2011-11-24,51.389,194.9,10.0,48
-27.902778,24.615556,2011-11-25,162.565,953.0,10.0,90
-30.160091,27.40124,2011-11-30,120.756,276.2,10.0,47
-27.398611,26.614722,2011-12-01,296.67,1007.0,72.0,99
-29.658056,25.973333,2011-12-02,346.847,840.0,125.0,54
-28.760833,17.730278,2011-12-03,172.608,547.0,24.0,71
-24.39619444,27.08983333,2014-04-09,125.653,545.0,105.0,146
-29.658056,25.973333,2011-12-06,350.432,848.0,13.0,54
-24.282222,28.090278,2011-12-07,42.769,112.0,10.0,147
-27.398611,26.614722,2011-12-07,308.262,957.0,72.0,99
-27.902778,24.615556,2011-12-09,167.548,833.0,48.0,90
-24.925278,29.324444,2011-12-13,217.449,1181.0,10.0,141
-27.398611,26.614722,2011-12-15,266.606,757.0,72.0,99
-33.13083,18.86278,2011-12-20,25.796,135.2,33.0,21
-30.160091,27.40124,2011-12-22,66.218,151.8,10.0,47
-29.658056,25.973333,2011-12-23,345.967,832.0,10.0,54
-28.760833,17.730278,2012-01-03,140.159,422.0,10.0,71
-27.398611,26.614722,2012-01-04,241.91,724.0,135.0,99
-30.13573889,30.67422222,2012-01-12,28.235,88.8,10.0,48
-24.670833,28.560833,2012-01-16,5.0,107.8,10.0,145
-24.282222,28.090278,2012-01-17,25.82,114.0,10.0,147
-30.160091,27.40124,2012-01-17,82.107,172.9,10.0,47
-27.356667,27.286389,2012-01-18,64.7835,220.6,64.0,102
-27.398611,26.614722,2012-01-19,305.598,833.0,135.0,99
-27.356667,27.286389,2012-01-19,73.204,215.8,64.0,102
-27.902778,24.615556,2012-01-20,179.515,893.0,50.0,90
-28.760833,17.730278,2012-01-22,146.493,516.0,10.0,71
-33.13083,18.86278,2012-01-25,16.719,119.2,21.0,21
-24.925278,29.324444,2012-02-02,154.041,948.0,10.0,141
-27.902778,24.615556,2012-02-03,184.486,1132.0,10.0,90
-29.658056,25.973333,2012-02-03,324.191,803.0,10.0,54
-28.760833,17.730278,2012-02-05,141.921,442.0,10.0,71
-27.398611,26.614722,2012-02-06,269.183,779.0,162.0,99
-27.356667,27.286389,2012-02-06,90.3,245.0,172.0,102
-30.13573889,30.67422222,2012-02-09,32.878,76.3,10.0,48
-27.398611,26.614722,2012-02-16,269.187,798.0,162.0,99
-27.356667,27.286389,2012-02-16,86.511,240.7,136.0,102
-27.902778,24.615556,2012-02-17,174.221,979.0,53.0,90
-34.250556,20.9925,2012-02-17,59.85,1075.0,10.0,2
-28.760833,17.730278,2012-02-19,145.48,425.0,25.0,71
-24.670833,28.560833,2012-02-21,5.0,88.5,10.0,145
-27.398611,26.614722,2012-02-23,205.953,722.0,162.0,99
-26.905,32.324722,2012-02-29,150.581,544.0,29.0,112
-24.925278,29.324444,2012-03-01,222.22,1207.0,10.0,141
-30.160091,27.40124,2012-03-01,74.714,159.3,10.0,47
-27.902778,24.615556,2012-03-02,212.503,884.0,33.0,90
-29.658056,25.973333,2012-03-02,345.221,819.0,23.0,54
-28.760833,17.730278,2012-03-04,138.367,415.0,10.0,71
-27.398611,26.614722,2012-03-06,241.657,734.0,10.0,99
-24.925278,29.324444,2011-10-18,245.461,1431.0,11.0,141
-24.925278,29.324444,2012-06-07,253.813,1417.0,10.0,141
-24.925278,29.324444,2012-08-09,258.519,1417.0,10.0,141
-24.925278,29.324444,2012-10-05,249.621,1295.0,28.0,141
-24.925278,29.324444,2013-07-02,254.345,1469.0,12.0,141
-24.925278,29.324444,2013-08-22,247.256,922.0,16.0,141
-24.925278,29.324444,2013-09-16,210.138,922.0,11.0,141
-24.925278,29.324444,2014-01-20,242.933,1459.22,10.0,141
-24.925278,29.324444,2014-06-10,243.884,500.0,20.0,141
-24.925278,29.324444,2014-07-18,255.278,500.0,20.0,141
-24.925278,29.324444,2014-09-05,288.275,500.0,20.0,141
-27.398611,26.614722,2012-03-08,222.862,779.0,10.0,99
-27.398611,26.614722,2012-03-15,254.246,821.0,10.0,99
-27.902778,24.615556,2012-03-15,177.336,911.0,15.0,90
-28.760833,17.730278,2012-03-17,135.194,407.0,10.0,71
-33.13083,18.86278,2012-03-21,17.368,197.2,10.0,21
-30.160091,27.40124,2012-03-29,75.246,200.0,21.0,47
-27.902778,24.615556,2012-03-30,166.955,924.0,10.0,90
-28.760833,17.730278,2012-04-01,150.469,507.0,10.0,71
-27.398611,26.614722,2012-04-03,248.135,791.0,10.0,99
-34.250556,20.9925,2012-04-11,25.517,424.0,10.0,2
-27.398611,26.614722,2012-04-12,235.516,688.0,154.0,99
-27.902778,24.615556,2012-04-13,235.358,1221.0,32.0,90
-28.760833,17.730278,2012-04-15,150.088,542.0,10.0,71
-24.282222,28.090278,2012-04-18,27.19,107.5,10.0,147
-24.768889,31.39,2012-04-18,55.741,180.5,10.0,142
-33.13083,18.86278,2012-04-19,18.878,203.3,23.0,21
-26.905,32.324722,2012-04-25,134.956,502.0,10.0,112
-27.935,26.126667,2012-04-25,173.638,759.0,27.0,89
-30.160091,27.40124,2012-04-26,68.866,232.5,22.0,47
-28.760833,17.730278,2012-04-29,139.284,536.0,10.0,71
-24.925278,29.324444,2012-05-03,228.976,1417.0,18.0,141
-27.398611,26.614722,2012-05-03,231.671,759.0,154.0,99
-27.398611,26.614722,2012-05-09,239.138,805.0,154.0,99
-27.935,26.126667,2012-05-10,194.916,835.0,20.0,89
-27.902778,24.615556,2012-05-11,199.409,1257.0,36.0,90
-28.760833,17.730278,2012-05-13,160.867,484.0,10.0,71
-24.768889,31.39,2012-05-16,56.808,173.3,10.0,142
-33.13083,18.86278,2012-05-16,24.344,205.6,10.0,21
-33.970833,22.548333,2012-05-17,5.0,205.0,10.0,11
-30.160091,27.40124,2012-05-23,101.594,248.5,10.0,47
-29.658056,25.973333,2012-05-25,318.895,785.0,22.0,54
-28.760833,17.730278,2012-05-27,155.223,514.0,10.0,71
-24.282222,28.090278,2012-05-30,35.274,111.0,10.0,147
-24.670833,28.560833,2012-05-31,27.244,113.3,10.0,145
-33.13083,18.86278,2012-05-31,22.77,196.6,10.0,21
-34.250556,20.9925,2012-06-05,47.692,613.0,19.0,2
-27.398611,26.614722,2012-06-07,311.221,896.0,154.0,99
-27.935,26.126667,2012-06-12,169.119,982.0,10.0,89
-29.658056,25.973333,2012-06-12,346.206,786.0,11.0,54
-26.905,32.324722,2012-06-14,101.383,485.0,20.0,112
-27.935,26.126667,2012-06-14,186.849,1035.0,10.0,89
-30.160091,27.40124,2012-06-14,96.045,234.8,10.0,47
-27.398611,26.614722,2012-06-15,282.599,913.0,154.0,99
-24.282222,28.090278,2012-06-20,31.33,93.7,10.0,147
-24.670833,28.560833,2012-06-21,23.563,75.7,10.0,145
-24.768889,31.39,2012-06-21,48.334,191.0,10.0,142
-27.935,26.126667,2012-06-21,173.236,866.0,10.5,89
-30.160091,27.40124,2012-06-21,84.5,235.7,10.0,47
-29.658056,25.973333,2012-06-22,315.018,792.0,26.0,54
-28.760833,17.730278,2012-06-24,154.021,545.0,10.0,71
-27.935,26.126667,2012-06-29,174.581,1030.0,10.0,89
-24.39619444,27.08983333,2012-07-04,207.422,935.0,23.0,146
-27.935,26.126667,2012-07-04,165.046,830.0,10.5,89
-28.760833,17.730278,2012-07-08,175.886,664.0,12.0,71
-27.935,26.126667,2012-07-10,177.667,902.0,10.0,89
-28.760833,17.730278,2012-07-11,269.642,798.0,49.0,71
-34.250556,20.9925,2012-07-11,30.917,442.0,13.0,2
-27.902778,24.615556,2012-07-12,172.776,1096.0,14.0,90
-27.935,26.126667,2012-07-17,158.771,771.0,11.0,89
-24.39619444,27.08983333,2012-07-18,208.002,897.0,10.0,146
-26.905,32.324722,2012-07-18,156.164,482.0,13.0,112
-30.160091,27.40124,2012-07-19,61.321,186.2,17.0,47
-29.658056,25.973333,2012-07-20,304.425,816.0,18.0,54
-24.39619444,27.08983333,2012-08-01,208.479,903.0,10.0,146
-33.13083,18.86278,2012-08-01,29.033,284.7,36.0,21
-27.398611,26.614722,2012-08-02,290.616,964.0,173.0,99
-28.760833,17.730278,2012-08-05,164.034,670.0,11.0,71
-27.398611,26.614722,2012-08-07,253.93,960.0,173.0,99
-24.39619444,27.08983333,2012-08-14,221.399,922.0,21.0,146
-34.250556,20.9925,2012-08-14,50.64,1395.0,10.0,2
-30.13573889,30.67422222,2012-08-16,32.655,155.7,10.0,48
-27.902778,24.615556,2012-08-16,187.5695,1013.5,10.0,90
-30.160091,27.40124,2012-08-16,63.841,182.2,17.0,47
-29.658056,25.973333,2012-08-17,275.685,777.0,10.0,54
-28.760833,17.730278,2012-08-18,173.226,668.0,10.0,71
-33.13083,18.86278,2012-08-29,18.453,312.7,10.0,21
-24.282222,28.090278,2012-08-30,34.16,106.0,10.0,147
-27.398611,26.614722,2012-08-30,285.553,948.0,173.0,99
-27.902778,24.615556,2012-08-31,181.62,1000.0,10.0,90
-28.760833,17.730278,2012-09-02,151.721,594.0,10.0,71
-24.39619444,27.08983333,2012-09-11,177.836,915.0,10.0,146
-26.905,32.324722,2012-09-12,97.597,502.0,16.0,112
-30.160091,27.40124,2012-09-12,90.51,223.1,14.0,47
-29.658056,25.973333,2012-09-14,361.676,843.0,81.0,54
-27.935,26.126667,2012-09-17,162.6545,940.5,10.0,89
-24.282222,28.090278,2012-09-20,26.42,142.5,10.0,147
-24.670833,28.560833,2012-09-21,5.0,88.5,10.0,145
-24.39619444,27.08983333,2012-09-26,178.687,755.0,14.0,146
-27.398611,26.614722,2012-09-27,256.952,966.0,173.0,99
-33.13083,18.86278,2012-09-27,19.879,236.5,66.0,21
-27.902778,24.615556,2012-09-28,197.195,1100.0,10.0,90
-27.398611,26.614722,2012-10-02,298.722,954.0,173.0,99
-24.39619444,27.08983333,2012-10-09,172.623,756.0,34.0,146
-30.160091,27.40124,2012-10-11,56.15,181.0,10.0,47
-27.902778,24.615556,2012-10-12,196.104,1025.0,10.0,90
-29.658056,25.973333,2012-10-12,358.855,858.0,10.0,54
-27.935,26.126667,2012-10-16,151.815,791.0,10.0,89
-34.250556,20.9925,2012-10-16,8.898,832.0,19.0,2
-24.768889,31.39,2012-10-17,33.646,208.7,10.0,142
-24.39619444,27.08983333,2012-10-24,193.238,838.0,124.0,146
-27.398611,26.614722,2012-10-24,256.656,1015.5,173.0,99
-33.13083,18.86278,2012-10-24,31.209,198.1,81.0,21
-24.670833,28.560833,2012-11-06,22.952,75.9,10.0,145
-24.39619444,27.08983333,2012-11-06,169.177,682.0,124.0,146
-27.398611,26.614722,2012-11-06,250.819,985.0,173.0,99
-26.905,32.324722,2012-11-07,135.509,593.0,22.0,112
-30.160091,27.40124,2012-11-08,98.464,217.4,10.0,47
-29.658056,25.973333,2012-11-09,342.633,838.0,11.0,54
-27.935,26.126667,2012-11-13,180.021,761.0,10.0,89
-33.13083,18.86278,2012-11-14,43.79,380.0,75.0,21
-34.250556,20.9925,2012-11-16,48.395,846.0,20.0,2
-24.39619444,27.08983333,2012-11-22,154.208,714.0,170.0,146
-24.925278,29.324444,2012-11-29,226.016,1295.0,68.0,141
-27.398611,26.614722,2012-11-29,287.1515,918.5,173.0,99
-24.39619444,27.08983333,2012-12-04,154.454,661.0,170.0,146
-33.13083,18.86278,2012-12-04,26.129,206.0,18.0,21
-26.905,32.324722,2012-12-06,127.263,567.0,30.0,112
-29.658056,25.973333,2012-12-07,274.757,654.0,20.0,54
-34.250556,20.9925,2012-12-12,34.957,553.0,10.0,2
-24.670833,28.560833,2012-12-13,24.101,78.1,10.0,145
-27.398611,26.614722,2012-12-13,235.703,836.0,104.0,99
-24.39619444,27.08983333,2012-12-19,153.687,615.0,78.0,146
-30.160091,27.40124,2013-01-02,92.439,190.1,10.0,47
-27.398611,26.614722,2013-01-03,187.957,523.0,104.0,99
-30.160091,27.40124,2013-01-10,38.255,132.1,11.0,47
-24.39619444,27.08983333,2013-01-11,149.7,632.0,78.0,146
-29.658056,25.973333,2013-01-11,216.499,503.0,51.0,54
-34.250556,20.9925,2013-01-11,80.984,1371.0,10.0,2
-24.39619444,27.08983333,2013-01-16,177.361,721.0,177.0,146
-27.935,26.126667,2013-01-22,150.389,546.0,20.0,89
-30.160091,27.40124,2013-01-22,62.748,139.3,10.0,47
-27.398611,26.614722,2013-01-23,280.411,855.0,104.0,99
-24.39619444,27.08983333,2013-01-29,162.793,649.0,71.0,146
-27.398611,26.614722,2013-01-29,213.368,772.0,104.0,99
-33.13083,18.86278,2013-01-30,20.629,130.8,17.0,21
-26.905,32.324722,2013-01-31,109.01,400.0,38.0,112
-27.935,26.126667,2013-01-31,132.395,661.0,51.0,89
-27.902778,24.615556,2013-01-31,176.519,1078.0,10.0,90
-30.160091,27.40124,2013-01-31,45.73,114.6,20.0,47
-27.398611,26.614722,2013-02-05,244.243,889.0,104.0,99
-30.160091,27.40124,2013-02-07,75.331,176.9,18.0,47
-27.935,26.126667,2013-02-08,125.586,573.0,20.0,89
-29.658056,25.973333,2013-02-08,210.369,500.0,32.0,54
-24.670833,28.560833,2013-02-12,9.05,55.1,14.0,145
-24.282222,28.090278,2013-02-13,26.238,95.5,11.0,147
-24.39619444,27.08983333,2013-02-13,179.485,728.0,136.0,146
-24.925278,29.324444,2013-02-13,190.564,1111.0,10.0,141
-34.250556,20.9925,2013-02-20,26.87,451.0,36.0,2
-30.13573889,30.67422222,2013-02-21,23.633,74.5,10.0,48
-27.398611,26.614722,2013-02-21,190.4,910.0,104.0,99
-24.39619444,27.08983333,2013-02-26,192.923,768.0,121.0,146
-24.282222,28.090278,2013-02-27,18.109,105.7,17.0,147
-24.670833,28.560833,2013-02-27,14.055,74.9,10.0,145
-33.13083,18.86278,2013-02-27,18.721,129.3,38.0,21
-26.905,32.324722,2013-02-28,143.691,475.0,10.0,112
-27.902778,24.615556,2013-03-01,184.78,1030.5,11.0,90
-27.398611,26.614722,2013-03-05,237.286,822.0,104.0,99
-30.160091,27.40124,2013-03-07,56.915,221.3,25.0,47
-24.39619444,27.08983333,2013-03-13,185.324,818.0,12.0,146
-34.250556,20.9925,2013-03-13,62.85,778.0,10.0,2
-27.935,26.126667,2013-03-14,126.134,408.0,10.0,89
-27.902778,24.615556,2013-03-14,184.269,1241.0,22.0,90
-24.925278,29.324444,2013-03-15,225.34,1469.0,11.0,141
-30.13573889,30.67422222,2013-03-20,41.284,127.1,10.0,48
-27.935,26.126667,2013-03-21,113.8615,386.5,33.5,89
-27.398611,26.614722,2013-03-21,210.804,853.0,104.0,99
-24.39619444,27.08983333,2013-03-26,172.151,775.0,13.0,146
-33.13083,18.86278,2013-03-27,24.985,177.5,28.0,21
-27.398611,26.614722,2013-04-03,204.736,921.0,104.0,99
-24.282222,28.090278,2013-04-10,17.806,92.8,10.0,147
-24.670833,28.560833,2013-04-10,5.0,71.0,10.0,145
-24.39619444,27.08983333,2013-04-10,191.984,837.0,66.0,146
-27.902778,24.615556,2013-04-11,180.388,1231.0,68.0,90
-30.160091,27.40124,2013-04-11,90.46,207.5,16.0,47
-33.970833,22.548333,2013-04-16,5.0,179.1,10.0,11
-34.250556,20.9925,2013-04-17,31.713,521.0,62.0,2
-28.760833,17.730278,2013-04-24,130.302,401.0,18.0,71
-33.13083,18.86278,2013-04-24,20.576,178.7,48.0,21
-26.905,32.324722,2013-04-25,124.459,318.4,11.0,112
-27.356667,27.286389,2013-04-25,19.441,156.2,119.0,102
-27.902778,24.615556,2013-04-26,188.003,1270.0,10.0,90
-27.398611,26.614722,2013-05-07,229.629,782.0,104.0,99
-24.39619444,27.08983333,2013-05-08,154.128,655.0,113.0,146
-30.160091,27.40124,2013-05-09,83.109,234.5,13.0,47
-30.160091,27.40124,2013-05-15,95.427,206.2,32.0,47
-30.13573889,30.67422222,2013-05-16,42.802,165.7,10.0,48
-34.250556,20.9925,2013-05-21,73.05,1171.0,21.0,2
-33.13083,18.86278,2013-05-22,37.55,276.3,28.0,21
-26.905,32.324722,2013-05-23,109.125,354.6,10.0,112
-24.670833,28.560833,2013-05-28,10.721,66.6,10.0,145
-24.282222,28.090278,2013-05-29,26.501,96.8,13.0,147
-27.398611,26.614722,2013-05-30,151.296,780.0,104.0,99
-27.398611,26.614722,2013-06-04,201.362,768.0,104.0,99
-24.39619444,27.08983333,2013-06-05,175.443,712.0,61.0,146
-27.902778,24.615556,2013-06-07,183.798,1241.0,10.0,90
-24.39619444,27.08983333,2013-06-12,196.196,797.0,43.0,146
-24.39619444,27.08983333,2013-06-18,180.586,801.0,25.0,146
-34.250556,20.9925,2013-06-20,61.97,759.0,41.0,2
-33.13083,18.86278,2013-06-20,31.217,450.0,51.0,21
-27.398611,26.614722,2013-06-27,210.878,762.0,104.0,99
-28.760833,17.730278,2013-06-28,196.407,581.0,10.0,71
-27.398611,26.614722,2013-07-02,198.829,723.0,104.0,99
-24.39619444,27.08983333,2013-07-03,202.063,838.0,15.0,146
-27.902778,24.615556,2013-07-05,184.31,1110.0,33.0,90
-24.670833,28.560833,2013-07-09,17.506,75.8,10.0,145
-24.282222,28.090278,2013-07-11,26.078,89.26,10.0,147
-30.13573889,30.67422222,2013-07-11,50.632,221.0,10.0,48
-30.160091,27.40124,2013-07-11,93.835,239.8,23.0,47
-30.160091,27.40124,2013-07-12,104.785,241.8,14.0,47
-24.39619444,27.08983333,2013-07-16,185.798,840.0,16.0,146
-33.13083,18.86278,2013-07-17,37.374,568.0,47.0,21
-26.905,32.324722,2013-07-18,150.668,558.0,10.0,112
-27.935,26.126667,2013-07-18,145.12,1012.0,10.0,89
-27.902778,24.615556,2013-07-19,219.388,1307.0,28.0,90
-27.398611,26.614722,2013-07-25,196.422,748.0,104.0,99
-24.39619444,27.08983333,2013-07-31,182.485,796.0,26.0,146
-27.902778,24.615556,2013-08-01,184.429,1149.01,21.0,90
-30.160091,27.40124,2013-08-01,116.353,258.3,10.0,47
-27.398611,26.614722,2013-08-07,204.623,732.0,184.0,99
-28.760833,17.730278,2013-08-13,166.7565,967.79,10.0,71
-24.39619444,27.08983333,2013-08-13,201.867,840.0,22.0,146
-33.13083,18.86278,2013-08-14,46.039,606.0,69.0,21
-26.905,32.324722,2013-08-15,147.95,544.0,10.0,112
-27.398611,26.614722,2013-08-15,213.74,725.0,184.0,99
-27.902778,24.615556,2013-08-15,197.138,1202.81,45.0,90
-24.282222,28.090278,2013-08-22,30.252,113.6,10.0,147
-28.760833,17.730278,2013-08-28,164.153,561.0,10.0,71
-27.398611,26.614722,2013-09-03,205.57,721.0,184.0,99
-30.13573889,30.67422222,2013-09-05,79.346,284.0,10.0,48
-30.160091,27.40124,2013-09-05,121.918,259.0,12.0,47
-33.13083,18.86278,2013-09-11,29.901,325.73,39.0,21
-26.905,32.324722,2013-09-12,150.504,499.12,18.0,112
-27.902778,24.615556,2013-09-13,201.856,1269.0,10.0,90
-28.760833,17.730278,2013-09-17,153.872,628.0,40.0,71
-28.760833,17.730278,2013-09-18,166.861,640.0,20.0,71
-27.935,26.126667,2013-09-18,148.54,1014.69,11.0,89
-34.250556,20.9925,2013-09-19,56.777,1241.8,34.0,2
-28.760833,17.730278,2013-09-23,140.6735,690.4875,36.375,71
-24.670833,28.560833,2013-09-24,13.801,64.51,10.0,145
-27.902778,24.615556,2013-09-27,198.703,1196.0,36.0,90
-27.398611,26.614722,2013-10-02,174.294,784.9,184.0,99
-30.160091,27.40124,2013-10-03,144.3,302.4,16.0,47
-33.13083,18.86278,2013-10-08,24.349,332.67,22.0,21
-26.905,32.324722,2013-10-09,98.914,311.32,10.0,112
-27.902778,24.615556,2013-10-11,193.2325,1122.0,20.5,90
-24.670833,28.560833,2013-10-16,20.31,70.63,10.0,145
-34.250556,20.9925,2013-10-17,43.455,827.05,45.0,2
-28.760833,17.730278,2013-10-23,183.826,640.0,10.0,71
-27.398611,26.614722,2013-10-23,209.156,1056.45,184.0,99
-30.160091,27.40124,2013-10-30,74.374,207.8,10.0,47
-30.13573889,30.67422222,2013-10-31,64.818,220.1,17.0,48
-24.39619444,27.08983333,2013-11-05,199.897,775.0,29.0,146
-27.398611,26.614722,2013-11-05,242.712,1038.0,184.0,99
-33.13083,18.86278,2013-11-06,20.074,194.1,62.0,21
-27.902778,24.615556,2013-11-07,246.345,1250.27,13.0,90
-28.760833,17.730278,2013-11-11,113.79575,257.825,13.25,71
-27.398611,26.614722,2013-11-14,283.026,1010.13,184.0,99
-24.925278,29.324444,2013-11-18,185.668,922.0,10.0,141
-34.250556,20.9925,2013-11-20,40.268,1027.0,10.0,2
-27.902778,24.615556,2013-11-22,219.636,1316.84,18.0,90
-24.670833,28.560833,2013-11-27,26.896,104.84,10.0,145
-24.282222,28.090278,2013-11-28,46.34,139.58,10.0,147
-30.13573889,30.67422222,2013-11-28,54.226,187.95,10.0,48
-33.13083,18.86278,2013-11-28,29.141,245.86,30.0,21
-27.398611,26.614722,2013-12-03,162.679,522.91,184.0,99
-30.160091,27.40124,2013-12-03,50.488,145.3,10.0,47
-28.760833,17.730278,2013-12-05,158.678,449.02,15.0,71
-26.905,32.324722,2013-12-05,136.737,544.72,10.0,112
-34.250556,20.9925,2013-12-05,29.753,698.75,13.0,2
-27.935,26.126667,2013-12-09,124.015,550.28,10.0,89
-27.356667,27.286389,2013-12-11,40.511,112.88,119.0,102
-27.398611,26.614722,2013-12-12,342.102,837.94,144.0,99
-27.935,26.126667,2013-12-17,146.643,849.42,10.0,89
-24.39619444,27.08983333,2013-12-18,171.889,646.4,10.0,146
-27.935,26.126667,2014-01-06,165.592,1080.39,10.0,89
-30.160091,27.40124,2014-01-09,62.296,126.05,19.0,47
-24.39619444,27.08983333,2014-01-15,189.558,649.94,125.0,146
-27.935,26.126667,2014-01-16,154.493,1125.24,14.0,89
-27.902778,24.615556,2014-01-17,207.59,1196.11,50.0,90
-28.760833,17.730278,2014-01-21,99.991,275.77,11.0,71
-24.670833,28.560833,2014-01-21,13.9,53.75,10.0,145
-24.282222,28.090278,2014-01-22,27.386,95.56,10.0,147
-24.925278,29.324444,2014-01-22,232.108,1459.22,10.0,141
-26.905,32.324722,2014-01-23,152.107,583.0,20.0,112
-27.398611,26.614722,2014-01-23,138.249,405.54,15.0,99
-27.398611,26.614722,2014-01-28,143.765,477.42,15.0,99
-33.13083,18.86278,2014-01-29,30.268,246.2,26.0,21
-30.13573889,30.67422222,2014-01-30,22.333,78.4,10.0,48
-27.398611,26.614722,2014-02-04,78.398,200.39,15.0,99
-28.760833,17.730278,2014-02-05,96.188,208.45,10.0,71
-30.160091,27.40124,2014-02-06,45.243,107.07,10.0,47
-29.658056,25.973333,2014-02-07,281.651,653.74,16.0,54
-27.935,26.126667,2014-02-11,83.396,280.56,46.0,89
-24.39619444,27.08983333,2014-02-12,105.221,438.55,85.0,146
-33.13083,18.86278,2014-02-13,25.226,169.77,25.0,21
-27.935,26.126667,2014-02-14,124.994,549.0,65.0,89
-27.935,26.126667,2014-02-17,111.658,437.0,100.0,89
-26.905,32.324722,2014-02-19,142.7,517.0,20.0,112
-29.658056,25.973333,2014-02-20,198.187,418.57,69.0,54
-30.160091,27.40124,2014-02-20,53.618,118.73,10.0,47
-24.925278,29.324444,2014-02-21,235.018,1359.79,20.0,141
-27.935,26.126667,2014-02-24,152.945,611.68,92.0,89
-24.39619444,27.08983333,2014-02-25,131.613,585.0,148.0,146
-27.356667,27.286389,2014-02-26,75.426,195.8,189.0,102
-30.13573889,30.67422222,2014-02-27,25.707,84.9,10.0,48
-27.902778,24.615556,2014-02-28,185.53,1010.0,10.0,90
-27.935,26.126667,2014-03-03,138.93,630.0,105.0,89
-27.356667,27.286389,2014-03-03,40.613,127.1,128.0,102
-27.398611,26.614722,2014-03-04,50.373,262.7,49.0,99
-33.13083,18.86278,2014-03-05,13.787,156.2,17.0,21
-27.398611,26.614722,2014-03-06,53.142,156.4,49.0,99
-27.902778,24.615556,2012-08-02,282.714,1013.5,46.0,90
-27.902778,24.615556,2013-06-20,225.83,1241.0,13.0,90
-27.902778,24.615556,2014-01-02,226.449,1196.11,10.0,90
-27.935,26.126667,2014-03-12,97.423,414.0,105.0,89
-27.902778,24.615556,2014-05-23,236.929,1484.0,22.0,90
-27.902778,24.615556,2014-03-14,170.554,1016.0,20.0,90
-27.902778,24.615556,2014-11-21,242.097,930.0,20.0,90
-27.935,26.126667,2014-03-17,99.616,422.0,62.0,89
-27.935,26.126667,2014-03-24,126.217,449.0,62.0,89
-24.39619444,27.08983333,2014-03-25,125.553,443.34,101.0,146
-30.160091,27.40124,2014-03-26,83.236,207.9,11.0,47
-30.13573889,30.67422222,2014-03-27,33.39,116.4,20.0,48
-27.398611,26.614722,2014-03-27,103.519,304.6,34.0,99
-27.902778,24.615556,2014-03-27,161.986,888.0,20.0,90
-29.658056,25.973333,2014-03-27,164.271,346.27,82.0,54
-27.356667,27.286389,2014-03-27,99.319,262.9,184.0,102
-27.935,26.126667,2014-04-01,122.43,468.0,68.0,89
-24.768889,31.39,2014-04-02,44.947,148.9,26.0,142
-27.398611,26.614722,2014-04-02,111.673,349.6,67.0,99
-33.13083,18.86278,2014-04-03,20.059,192.1,20.0,21
-27.935,26.126667,2014-04-07,173.115,681.0,23.0,89
-29.658056,25.973333,2011-09-27,332.927,770.0,22.0,54
-27.902778,24.615556,2014-04-11,206.055,1201.0,20.0,90
-27.935,26.126667,2014-04-15,176.155,683.0,25.0,89
-26.905,32.324722,2014-04-16,145.65,362.0,20.0,112
-27.935,26.126667,2014-04-22,176.476,699.0,21.0,89
-24.39619444,27.08983333,2014-04-23,152.714,668.0,84.0,146
-28.760833,17.730278,2014-04-24,216.043,748.0,20.0,71
-30.13573889,30.67422222,2014-04-24,42.2,123.9,20.0,48
-27.398611,26.614722,2014-04-24,146.822,453.0,34.0,99
-30.160091,27.40124,2014-04-24,75.876,184.3,20.0,47
-27.356667,27.286389,2014-04-24,108.41,291.6,115.0,102
-27.902778,24.615556,2014-04-25,207.726,1190.0,20.0,90
-27.935,26.126667,2014-04-29,197.133,692.0,78.0,89
-27.935,26.126667,2014-05-05,210.124,995.0,46.0,89
-27.398611,26.614722,2014-05-06,171.487,505.0,107.0,99
-24.39619444,27.08983333,2014-05-08,184.092,718.0,20.0,146
-27.902778,24.615556,2014-05-09,224.453,1001.0,42.0,90
-33.13083,18.86278,2014-05-12,28.981,382.0,36.0,21
-26.905,32.324722,2014-05-14,100.858,380.0,20.0,112
-27.935,26.126667,2014-05-19,230.867,970.0,54.0,89
-24.39619444,27.08983333,2014-05-20,209.551,897.0,27.0,146
-30.160091,27.40124,2014-05-21,105.123,219.2,20.0,47
-27.356667,27.286389,2014-05-21,112.993,313.4,112.0,102
-30.13573889,30.67422222,2014-05-22,51.3,156.8,20.0,48
-27.398611,26.614722,2014-05-22,175.71,597.0,81.0,99
-29.658056,25.973333,2014-05-22,184.691,462.0,23.0,54
-24.282222,28.090278,2014-05-28,22.845,89.6,20.0,147
-27.398611,26.614722,2014-05-29,212.86,601.0,118.0,99
-27.398611,26.614722,2014-05-30,220.234,625.0,159.0,99
-24.670833,28.560833,2014-06-03,14.982,63.6,20.0,145
-27.935,26.126667,2014-06-03,210.58,1015.0,43.0,89
-24.39619444,27.08983333,2014-06-04,180.188,741.0,20.0,146
-27.902778,24.615556,2014-06-05,233.343,1484.0,21.0,90
-33.970833,22.548333,2014-06-05,12.905,176.8,20.0,11
-24.768889,31.39,2014-06-11,41.814,138.4,20.0,142
-26.905,32.324722,2014-06-11,117.329,437.0,20.0,112
-27.935,26.126667,2014-06-11,226.521,911.0,60.0,89
-33.13083,18.86278,2014-06-11,20.812,186.2,79.0,21
-24.39619444,27.08983333,2014-06-17,176.23,845.0,20.0,146
-27.935,26.126667,2014-06-18,203.976,1099.0,103.0,89
-30.13573889,30.67422222,2014-06-19,56.463,175.8,20.0,48
-27.398611,26.614722,2014-06-19,185.176,667.0,127.0,99
-24.282222,28.090278,2014-06-24,17.027,82.4,20.0,147
-30.160091,27.40124,2014-06-25,104.867,240.3,20.0,47
-27.398611,26.614722,2014-06-26,242.466,661.0,127.0,99
-27.902778,24.615556,2014-06-27,155.093,880.0,20.0,90
-29.658056,25.973333,2014-06-27,205.808,307.5,20.0,54
-24.39619444,27.08983333,2014-07-02,194.262,790.0,20.0,146
-26.905,32.324722,2014-07-09,125.875,411.0,20.0,112
-27.935,26.126667,2014-07-09,244.861,1179.0,103.0,89
-24.39619444,27.08983333,2014-07-15,183.552,824.0,20.0,146
-33.13083,18.86278,2014-07-16,31.73,395.0,20.0,21
-27.902778,24.615556,2014-07-18,206.983,881.0,21.0,90
-27.935,26.126667,2014-07-22,226.876,1150.0,112.0,89
-24.282222,28.090278,2014-07-23,14.569,82.7,20.0,147
-30.160091,27.40124,2014-07-23,119.026,243.8,20.0,47
-29.658056,25.973333,2014-07-25,234.788,554.0,20.0,54
-24.39619444,27.08983333,2014-07-30,187.526,815.0,20.0,146
-27.398611,26.614722,2014-07-30,202.716,724.0,180.0,99
-27.356667,27.286389,2014-07-31,149.569,387.0,155.0,102
-27.902778,24.615556,2014-08-01,189.834,1064.0,20.0,90
-26.905,32.324722,2014-08-06,106.349,406.0,20.0,112
-27.935,26.126667,2014-08-06,108.906,1195.0,112.0,89
-24.39619444,27.08983333,2014-08-12,193.775,838.0,20.0,146
-27.398611,26.614722,2014-08-12,182.437,747.0,180.0,99
-24.670833,28.560833,2014-08-13,14.524,51.7,20.0,145
-24.282222,28.090278,2014-08-14,25.27,92.5,20.0,147
-30.13573889,30.67422222,2014-08-14,63.157,228.5,20.0,48
-27.902778,24.615556,2014-08-15,186.688,1105.0,27.0,90
-27.935,26.126667,2014-08-19,195.189,1177.0,150.0,89
-27.398611,26.614722,2014-08-19,217.729,745.0,180.0,99
-30.160091,27.40124,2014-08-20,129.881,245.6,20.0,47
-24.925278,29.324444,2014-08-22,130.555,500.0,20.0,141
-29.658056,25.973333,2014-08-22,245.923,612.0,20.0,54
-24.39619444,27.08983333,2014-08-27,197.245,901.0,20.0,146
-27.398611,26.614722,2014-08-27,225.301,694.0,180.0,99
-33.13083,18.86278,2014-08-27,41.56,379.5,20.0,21
-27.902778,24.615556,2014-08-29,194.441,1015.0,20.0,90
-27.935,26.126667,2014-09-02,201.336,1100.0,150.0,89
-26.905,32.324722,2014-09-05,128.409,452.0,20.0,112
-24.39619444,27.08983333,2014-09-09,169.554,950.0,20.0,146
-27.398611,26.614722,2014-09-09,246.421,738.0,180.0,99
-30.160091,27.40124,2014-09-10,130.861,265.5,20.0,47
-30.13573889,30.67422222,2014-09-11,71.109,264.3,20.0,48
-27.398611,26.614722,2014-09-11,236.706,744.0,180.0,99
-27.902778,24.615556,2014-09-12,175.392,1026.0,20.0,90
-24.282222,28.090278,2014-09-17,28.142,104.5,20.0,147
-24.670833,28.560833,2014-09-17,17.779,57.4,20.0,145
-24.768889,31.39,2014-09-17,52.133,169.0,20.0,142
-27.935,26.126667,2014-09-17,179.264,1439.0,42.0,89
-27.398611,26.614722,2014-09-23,254.197,868.0,180.0,99
-27.902778,24.615556,2014-09-26,200.998,960.0,20.0,90
-27.935,26.126667,2014-09-30,177.852,1150.0,42.0,89
-33.13083,18.86278,2014-10-01,32.961,321.9,57.0,21
-26.905,32.324722,2014-10-08,112.502,434.0,20.0,112
-27.902778,24.615556,2014-10-10,175.475,1058.0,20.0,90
-27.398611,26.614722,2014-10-14,250.02,954.0,185.0,99
-27.935,26.126667,2014-10-15,139.243,985.0,42.0,89
-30.160091,27.40124,2014-10-15,68.999,175.4,20.0,47
-27.398611,26.614722,2014-10-16,255.359,978.0,185.0,99
-24.39619444,27.08983333,2014-10-22,169.232,828.0,20.0,146
-34.250556,20.9925,2014-10-22,24.327,528.0,20.0,2
-27.902778,24.615556,2014-10-24,205.292,869.0,24.0,90
-24.282222,28.090278,2014-10-29,30.183,115.1,20.0,147
-24.670833,28.560833,2014-10-29,15.834,58.5,20.0,145
-26.905,32.324722,2014-10-29,101.905,306.9,20.0,112
-33.13083,18.86278,2014-10-29,43.156,368.7,20.0,21
-27.398611,26.614722,2014-11-04,180.98,787.0,185.0,99
-30.160091,27.40124,2014-11-05,39.104,123.3,20.0,47
-27.902778,24.615556,2014-11-07,151.164,869.0,20.0,90
-29.658056,25.973333,2014-11-07,280.316,690.0,20.0,54
-27.935,26.126667,2014-11-11,149.392,1046.0,23.0,89
-27.398611,26.614722,2014-11-11,194.428,870.0,185.0,99
-24.670833,28.560833,2014-11-12,10.0,61.4,20.0,145
-24.39619444,27.08983333,2014-11-19,193.962,888.0,20.0,146
-27.398611,26.614722,2014-11-19,246.534,693.0,185.0,99
-24.282222,28.090278,2014-11-26,12.113,77.2,22.0,147
-26.905,32.324722,2014-11-26,146.082,612.0,20.0,112
-34.250556,20.9925,2014-11-26,19.96,310.5,20.0,2
-30.160091,27.40124,2014-12-03,55.696,145.5,20.0,47
-33.13083,18.86278,2014-12-03,20.476,213.6,26.0,21
-27.902778,24.615556,2014-12-04,175.066,930.0,20.0,90
-27.398611,26.614722,2014-12-09,236.062,780.0,185.0,99
-24.670833,28.560833,2014-12-10,15.326,57.2,20.0,145
-27.398611,26.614722,2014-12-11,226.097,770.0,185.0,99
-26.905,32.324722,2014-12-18,163.092,612.0,20.0,112
-34.250556,20.9925,2014-12-18,33.453,538.0,20.0,2
-27.902778,24.615556,2014-12-19,168.46,998.0,20.0,90
-24.282222,28.090278,2014-12-22,37.941,100.6,20.0,147
-27.902778,24.615556,2015-01-02,211.393,1056.0,20.0,90
-27.935,26.126667,2015-01-06,137.837,813.0,31.0,89
-27.398611,26.614722,2015-01-06,246.626,842.0,87.0,99
-30.160091,27.40124,2015-01-07,74.341,173.5,20.0,47
-29.658056,25.973333,2015-01-09,283.168,706.0,20.0,54
-24.39619444,27.08983333,2015-01-14,136.541,624.0,150.0,146
-27.398611,26.614722,2015-01-14,151.992,545.0,82.0,99
-27.398611,26.614722,2015-01-15,131.681,346.4,82.0,99
-27.902778,24.615556,2015-01-16,152.9,785.0,20.0,90
-27.935,26.126667,2015-01-20,203.431,1381.0,31.0,89
-26.905,32.324722,2015-01-22,145.758,563.0,20.0,112
-24.39619444,27.08983333,2015-01-27,143.214,664.0,120.0,146
-24.282222,28.090278,2015-01-28,33.696,96.9,65.0,147
-24.670833,28.560833,2015-01-29,17.475,56.3,20.0,145
-27.902778,24.615556,2015-01-30,196.911,893.0,20.0,90
-27.398611,26.614722,2015-02-03,117.055,360.9,182.0,99
-30.13573889,30.67422222,2015-02-05,21.599,65.1,20.0,48
-33.13083,18.86278,2015-02-05,58.788,143.4,20.0,21
-28.760833,17.730278,2015-02-10,84.9725,219.1,20.0,71
-24.670833,28.560833,2015-02-11,15.004,48.2,20.0,145
-24.39619444,27.08983333,2015-02-11,145.25,637.0,140.0,146
-27.398611,26.614722,2015-02-11,136.248,450.0,182.0,99
-24.768889,31.39,2015-02-13,55.138,182.5,20.0,142
-27.902778,24.615556,2015-02-13,176.163,1021.0,20.0,90
-30.160091,27.40124,2015-02-18,89.266,201.2,20.0,47
-34.250556,20.9925,2015-02-19,37.04,564.0,20.0,2
-29.658056,25.973333,2015-02-20,294.642,738.0,20.0,54
-33.13083,18.86278,2015-02-24,17.876,143.5,20.0,21
-26.905,32.324722,2015-02-25,161.947,587.0,24.0,112
-24.282222,28.090278,2015-02-26,35.261,91.9,20.0,147
-30.13573889,30.67422222,2015-02-26,37.842,111.1,20.0,48
-27.902778,24.615556,2015-02-27,166.036,922.0,20.0,90
-27.398611,26.614722,2015-03-04,140.43,660.0,182.0,99
-34.250556,20.9925,2011-02-17,46.372,304.5,18.0,2
-34.250556,20.9925,2013-08-21,60.07,1241.8,37.0,2
-34.250556,20.9925,2014-04-15,91.679,698.75,50.0,2
-34.250556,20.9925,2014-05-20,84.317,528.0,25.0,2
-34.250556,20.9925,2014-06-19,97.527,528.0,35.0,2
-34.250556,20.9925,2014-07-15,116.516,528.0,90.0,2
-34.250556,20.9925,2014-09-25,113.232,528.0,60.0,2
-24.282222,28.090278,2015-03-11,27.367,92.0,20.0,147
-30.160091,27.40124,2015-03-11,97.37,220.1,20.0,47
-24.670833,28.560833,2015-03-12,10.0,55.3,20.0,145
-27.398611,26.614722,2015-03-12,186.434,728.0,182.0,99
-34.250556,20.9925,2015-03-12,30.771,508.0,20.0,2
-27.902778,24.615556,2015-03-13,189.41,992.0,20.0,90
-26.905,32.324722,2015-03-18,195.146,679.0,21.0,112
-33.13083,18.86278,2015-03-18,13.496,137.4,20.0,21
-30.13573889,30.67422222,2015-03-26,22.429,72.1,20.0,48
-27.902778,24.615556,2015-03-27,205.688,1261.0,34.0,90
-27.398611,26.614722,2015-04-07,156.268,545.0,20.0,99
-27.398611,26.614722,2015-04-08,179.794,518.0,20.0,99
-24.768889,31.39,2015-04-09,45.362,157.7,24.0,142
-27.902778,24.615556,2015-04-10,188.556,1082.0,24.0,90
-27.935,26.126667,2015-04-14,134.344,650.0,95.0,89
-27.398611,26.614722,2015-04-15,180.887,546.0,20.0,99
-30.160091,27.40124,2015-04-15,75.899,176.6,20.0,47
-24.282222,28.090278,2015-04-16,32.258,92.1,87.0,147
-34.250556,20.9925,2015-04-16,39.234,544.0,20.0,2
-33.13083,18.86278,2015-04-16,21.03,147.7,21.0,21
-29.658056,25.973333,2015-04-17,328.888,909.0,27.0,54
-28.760833,17.730278,2015-04-21,127.027,348.4,20.0,71
-24.39619444,27.08983333,2015-04-21,179.632,716.0,158.0,146
-30.13573889,30.67422222,2015-04-23,39.264,111.0,20.0,48
-27.902778,24.615556,2015-04-24,180.7,1060.0,20.0,90
-28.760833,17.730278,2015-04-29,101.057,258.2,20.0,71
-27.935,26.126667,2015-04-29,135.098,871.0,20.0,89
-27.398611,26.614722,2015-05-05,166.93,436.0,20.0,99
-24.39619444,27.08983333,2015-05-06,204.09,856.0,75.0,146
-27.902778,24.615556,2015-05-08,169.219,1016.0,20.0,90
-24.768889,31.39,2015-05-12,45.655,160.1,20.0,142
-27.935,26.126667,2015-05-13,151.621,1100.0,20.0,89
-30.160091,27.40124,2015-05-13,88.581,199.4,20.0,47
-24.282222,28.090278,2015-05-14,58.367,178.0,43.0,147
-24.39619444,27.08983333,2015-05-19,223.745,948.0,50.0,146
-33.13083,18.86278,2015-05-20,19.855,172.6,20.0,21
-30.13573889,30.67422222,2015-05-21,44.589,135.1,20.0,48
-27.398611,26.614722,2015-05-21,185.602,581.0,20.0,99
-34.250556,20.9925,2015-05-21,85.867,1316.0,29.0,2
-27.902778,24.615556,2015-05-22,201.214,1357.0,31.0,90
-24.282222,28.090278,2015-05-27,33.329,90.3,20.0,147
-27.935,26.126667,2015-06-02,167.192,1256.5,20.0,89
-27.398611,26.614722,2015-06-02,162.972,725.0,20.0,99
-30.160091,27.40124,2015-06-02,104.234,228.4,20.0,47
-24.670833,28.560833,2015-06-03,12.844,59.2,20.0,145
-24.39619444,27.08983333,2015-06-03,173.062,739.0,83.0,146
-28.760833,17.730278,2015-06-04,94.769,243.75,20.0,71
-27.902778,24.615556,2015-06-05,182.441,1137.0,24.0,90
-27.935,26.126667,2015-06-09,171.905,1132.0,20.0,89
-24.282222,28.090278,2015-06-10,27.933,94.0,20.0,147
-30.160091,27.40124,2015-06-10,97.971,214.5,20.0,47
-27.398611,26.614722,2015-06-11,235.912,817.0,20.0,99
-27.356667,27.286389,2015-06-11,59.826,156.8,155.0,102
-29.658056,25.973333,2015-06-12,334.839,932.0,24.0,54
-24.39619444,27.08983333,2015-06-16,238.87,903.0,20.0,146
-30.13573889,30.67422222,2015-06-18,50.8,167.8,20.0,48
-34.250556,20.9925,2015-06-18,39.711,826.0,40.0,2
-33.13083,18.86278,2012-07-04,28.095,277.0,10.0,21
-27.902778,24.615556,2015-06-19,191.21,1049.0,20.0,90
-24.768889,31.39,2015-06-24,58.079,191.4,38.0,142
-27.398611,26.614722,2015-06-30,149.207,798.0,20.0,99
-27.935,26.126667,2015-07-01,169.55,1146.0,20.0,89
-27.902778,24.615556,2015-07-03,178.832,1020.0,20.0,90
-24.670833,28.560833,2015-07-08,14.904,65.2,20.0,145
-24.282222,28.090278,2015-07-09,25.317,91.4,20.0,147
-33.970833,22.548333,2011-01-20,5.0,132.1,86.0,11
-33.970833,22.548333,2011-02-28,5.356,138.0,10.0,11
-33.970833,22.548333,2011-04-04,8.62,299.7,21.0,11
-33.970833,22.548333,2011-05-03,7.103,307.2,10.0,11
-33.970833,22.548333,2011-07-05,5.143,115.2,26.0,11
-33.970833,22.548333,2011-08-31,5.0,119.0,13.0,11
-33.970833,22.548333,2011-09-14,12.748,171.5,55.0,11
-33.970833,22.548333,2011-10-11,7.316,157.3,10.0,11
-33.970833,22.548333,2011-11-25,5.0,109.3,10.0,11
-33.970833,22.548333,2012-01-20,7.464,175.2,10.0,11
-33.970833,22.548333,2012-03-20,5.0,217.6,10.0,11
-33.970833,22.548333,2012-07-09,5.0,162.0,10.0,11
-33.970833,22.548333,2012-08-17,5.0,127.9,10.0,11
-33.970833,22.548333,2012-09-19,5.0,187.7,10.0,11
-33.970833,22.548333,2012-10-17,5.0,178.4,10.0,11
-33.970833,22.548333,2012-11-23,5.0,181.5,16.0,11
-33.970833,22.548333,2012-12-13,5.0,127.5,11.0,11
-33.970833,22.548333,2013-01-30,5.196,161.6,15.0,11
-33.970833,22.548333,2013-02-13,6.311,140.8,10.0,11
-33.970833,22.548333,2013-06-19,5.0,189.4,10.0,11
-33.970833,22.548333,2013-07-19,11.101,175.7,10.0,11
-33.970833,22.548333,2013-08-21,5.0,152.5,12.0,11
-33.970833,22.548333,2013-09-20,7.524,160.26,10.0,11
-33.970833,22.548333,2013-10-17,13.683,176.7,10.0,11
-33.970833,22.548333,2013-11-05,6.508,144.06,10.0,11
-33.970833,22.548333,2013-11-08,5.0,141.3,61.0,11
-33.970833,22.548333,2014-01-15,6.604,98.06,10.0,11
-33.970833,22.548333,2014-03-05,5.0,147.8,10.0,11
-33.970833,22.548333,2014-04-02,10.0,164.1,20.0,11
-33.970833,22.548333,2014-05-08,10.0,140.6,20.0,11
-33.970833,22.548333,2014-07-09,10.0,179.1,20.0,11
-33.970833,22.548333,2014-08-06,10.0,200.5,20.0,11
-33.970833,22.548333,2014-09-03,10.0,170.6,20.0,11
-33.970833,22.548333,2014-10-08,10.0,155.5,20.0,11
-33.970833,22.548333,2015-01-07,10.0,131.2,20.0,11
-33.970833,22.548333,2015-02-04,10.0,180.7,20.0,11
-33.970833,22.548333,2015-03-05,10.0,151.1,20.0,11
-33.970833,22.548333,2015-04-08,10.0,111.2,20.0,11
-33.970833,22.548333,2015-05-07,10.0,159.5,20.0,11
-33.970833,22.548333,2015-06-02,10.0,109.8,20.0,11
-33.970833,22.548333,2015-07-08,4.8,154.4,22.0,11
-33.970833,22.548333,2015-08-05,10.0,143.1,20.0,11
-33.970833,22.548333,2015-09-02,10.0,111.0,20.0,11
-33.970833,22.548333,2015-10-06,10.0,129.5,20.0,11
-33.970833,22.548333,2015-11-04,10.0,132.7,20.0,11
-33.970833,22.548333,2015-12-03,10.0,135.2,20.0,11
-24.39619444,27.08983333,2015-07-14,198.159,927.0,20.0,146
-30.160091,27.40124,2015-07-15,118.515,224.0,20.0,47
-30.13573889,30.67422222,2015-07-16,53.738,185.0,20.0,48
-27.935,26.126667,2015-07-16,170.1,1161.0,20.0,89
-27.902778,24.615556,2015-07-17,190.649,1130.0,20.0,90
-27.398611,26.614722,2015-07-21,155.14,818.0,20.0,99
-34.250556,20.9925,2015-07-22,13.959,567.0,27.0,2
-27.935,26.126667,2015-07-28,174.19,1192.0,20.0,89
-27.398611,26.614722,2015-07-28,147.477,769.0,20.0,99
-33.13083,18.86278,2015-07-29,27.929,296.8,20.0,21
-27.902778,24.615556,2015-07-31,196.034,1221.0,20.0,90
-24.670833,28.560833,2015-08-05,14.156,58.9,20.0,145
-27.935,26.126667,2015-08-05,201.392,1313.0,42.0,89
-30.160091,27.40124,2015-08-05,97.081,208.1,25.0,47
-26.905,32.324722,2015-08-06,112.265,316.3,20.0,112
-24.768889,31.39,2015-08-12,62.252,214.6,20.0,142
-30.13573889,30.67422222,2015-08-13,50.179,187.4,20.0,48
-27.398611,26.614722,2015-08-13,173.642,795.0,20.0,99
-27.902778,24.615556,2015-08-13,217.8,1459.0,20.0,90
-28.760833,17.730278,2015-08-18,146.025,416.0,20.0,71
-30.160091,27.40124,2015-08-18,108.586,219.3,20.0,47
-24.282222,28.090278,2015-08-20,30.033,97.7,20.0,147
-27.935,26.126667,2015-08-20,189.181,1162.0,156.0,89
-27.398611,26.614722,2015-08-26,168.566,806.0,20.0,99
-33.13083,18.86278,2015-08-26,33.347,307.7,54.0,21
-27.935,26.126667,2015-09-01,170.756,1255.0,20.0,89
-27.935,26.126667,2015-09-03,182.833,1285.0,20.0,89
-27.398611,26.614722,2015-09-09,240.1,923.0,20.0,99
-30.160091,27.40124,2015-09-09,111.7,245.0,20.0,47
-24.282222,28.090278,2015-09-10,29.915,104.7,20.0,147
-30.13573889,30.67422222,2015-09-10,58.238,234.9,20.0,48
-24.670833,28.560833,2015-09-16,17.93,64.6,20.0,145
-34.250556,20.9925,2015-09-16,52.722,1156.0,142.0,2
-27.935,26.126667,2015-09-17,158.822,803.0,20.0,89
-27.398611,26.614722,2015-09-23,146.053,840.0,20.0,99
-27.902778,24.615556,2015-09-25,168.297,945.0,20.0,90
-24.768889,31.39,2015-09-30,63.455,237.5,20.0,142
-27.935,26.126667,2015-10-01,154.707,1258.0,20.0,89
-30.160091,27.40124,2015-10-01,132.989,273.4,20.0,47
-33.13083,18.86278,2015-10-01,27.643,263.6,81.0,21
-30.13573889,30.67422222,2015-10-08,59.07,205.1,20.0,48
-27.902778,24.615556,2015-10-09,182.099,1006.0,20.0,90
-27.398611,26.614722,2015-10-13,231.621,919.0,123.0,99
-28.760833,17.730278,2015-10-20,129.4235,349.0,20.0,71
-24.670833,28.560833,2015-10-21,22.039,81.6,20.0,145
-27.398611,26.614722,2015-10-21,187.208,911.0,123.0,99
-34.250556,20.9925,2015-10-21,50.876,949.0,20.0,2
-27.902778,24.615556,2015-10-23,182.454,959.0,25.0,90
-29.658056,25.973333,2015-10-23,305.402,1072.0,20.0,54
-28.760833,17.730278,2015-10-28,99.066,243.1,20.0,71
-33.13083,18.86278,2015-10-28,22.881,196.0,20.0,21
-30.13573889,30.67422222,2015-11-05,72.0,262.0,47.0,48
-27.902778,24.615556,2015-11-06,190.088,1018.0,95.0,90
-27.398611,26.614722,2015-11-11,259.5,1023.0,123.0,99
-27.935,26.126667,2015-11-12,116.312,286.3,20.0,89
-24.670833,28.560833,2015-11-18,21.341,72.3,20.0,145
-27.398611,26.614722,2015-11-18,199.7,1099.0,123.0,99
-34.250556,20.9925,2015-11-18,63.306,1091.0,40.0,2
-27.902778,24.615556,2015-11-20,180.6,1064.0,20.0,90
-27.398611,26.614722,2015-12-01,169.362,1054.0,123.0,99
-33.13083,18.86278,2015-12-02,22.7,199.0,20.0,21
-27.935,26.126667,2015-12-04,137.629,465.0,20.0,89
-27.902778,24.615556,2015-12-04,173.9,1104.0,20.0,90
-24.670833,28.560833,2015-12-09,18.659,69.5,20.0,145
-27.935,26.126667,2015-12-10,123.774,319.8,20.0,89
-27.398611,26.614722,2015-12-10,201.317,1100.0,123.0,99
-34.250556,20.9925,2015-12-11,79.335,1179.0,98.0,2
-27.398611,26.614722,2015-12-16,194.061,1116.0,123.0,99
-27.902778,24.615556,2015-12-18,162.4,1009.0,20.0,90
-27.935,26.126667,2015-12-23,128.0,305.0,28.0,89
